PlaceName,State
AKRON,OH
ALBANY,NY
ALTOONA,PA
ARLINGTON,MA
ASHEVILLE,NC
ATLANTA,GA
ATLANTIC CITY,NJ
AUGUSTA,GA
AURORA,IL
BALTIMORE,MD
BATTLE CREEK,MI
BAY CITY,MI
BELMONT,MA
BERGEN CO,NJ
BINGHAMTON,NY
BIRMINGHAM,AL
BOSTON,MA
BRAINTREE,MA
BROCKTON,MA
BRONX,NY
BROOKLINE,MA
BROOKLYN,NY
BUFFALO,NY
CAMBRIDGE,MA
CAMDEN,NJ
CANTON,OH
CHARLESTON,WV
CHARLOTTE,NC
CHATTANOOGA,TN
CHELSEA,MA
CHICAGO,IL
CHICOPOEE,MA
CLEVELAND,OH
COLUMBUS,OH
COLUMUS,GA
DALLAS,TX
DARIEN,CT
DAYTON,OH
DECATUR,IL
DEDHAM,MA
DENVER,CO
DETROIT,MI
DULUTH,MN
DURHAM,NC
EAST HARTFORD,CT
EAST ST. LOUIS,IL
ELMIRA,NY
ERIE,PA
ESSEX COUNTY,NJ
EVANSVILLE,IN
EVERETT,MA
FLINT,MI
FORT WAYNE,IN
FRESNO,CA
GRAND RAPIDS,MI
GREENSBORO,NC
HAMILTON,OH
HAVERHILL,MA
HOLYOKE,MA
HUDSON COUNTY,NJ
INDIANAPOLIS,IN
JACKSONVILLE,FL
JOHNSON CITY,NY
JOHNSTOWN,PA
JOLIET,IL
KALAMAZOO,MI
KANSAS CITY,MO
KENOSHA,WI
KNOXVILLE,TN
LAKE COUNTY/GARY,IN
LEXINGTON,KY
LEXINGTON,MA
LIMA,OH
LORAIN,OH
LOS ANGELES,CA
LOUISVILLE,KY
LYNCHBURG,VA
MACON,GA
MADISON,WI
MALDEN,MA
MANCHESTER,NH
MANHATTAN,NY
MEDFORD,MA
MELROSE,MA
MIAMI,FL
MILTON,MA
MILWAUKEE COUNTY,WI
MINNEAPOLIS,MN
MOBILE,AL
MONTGOMERY,AL
MUNCIE,IN
MUSKEGON,MI
NEEDHAM,MA
NEW BRITAIN,CT
NEW CANAAN,CT
NEW CASTLE,PA
NEW HAVEN,CT
NEW ORLEANS,LA
NEWPORT NEWS,VA
NEWTON,MA
NIAGARA FALLS,NY
NORFOLK,VA
OAKLAND,CA
OSHKOSH,WI
PHILADELPHIA,PA
PITTSBURGH,PA
PONTIAC,MI
PORTLAND,OR
PORTSMOUTH,OH
POUGHKEEPSIE,NY
QUEENS,NY
QUINCY,MA
RACINE,WI
REVERE,MA
RICHMOND,VA
ROANOKE,VA
ROCHESTER,NY
ROCKFORD,IL
SACRAMENTO,CA
SAGINAW,MI
SAN DIEGO,CA
SAN FRANCISO,CA
SAN JOSE,CA
SAUGUS,MA
SCHNECTADY,NY
SEATTLE,WA
SOMERVILLE,MA
SOUTH BEND,IN
SPOKANE,WA
SPRINGFIELD,IL
SPRINGFIELD,MO
SPRINGFIELD,OH
ST. PETERSBURG,FL
ST. JOSEPH,MO
ST. LOUIS,MO
STAMFORD,CT
STATEN ISLAND,NY
STOCKTON,CA
SYRACUSE,NY
TACOMA,WA
TAMPA,FL
TERRE HAUTE,IN
TOLEDO,OH
TRENTON,NJ
TROY,NY
UTICA,NY
WALTHAM,MA
WARREN,OH
WATERTOWN,MA
WESTCHESTER COUNTY,NY
WHEELING,WV
WICHITA,KS
WINCHESTER,MA
WINSTON-SALEM,NC
WINTHROP,MA
YOUNGSTOWN,OH
