PlaceName,State,Keyword
AKRON,OH,AKRON
ALBANY,NY,ALBANY
ALTOONA,PA,ALTOONA
ARLINGTON,MA,ARLINGTON
ASHEVILLE,NC,ASHEVILLE
ATLANTA,GA,ATLANTA
ATLANTIC CITY,NJ,ATLANTIC
AUGUSTA,GA,AUGUSTA
AURORA,IL,AURORA
BALTIMORE,MD,BALTIMORE
BATTLE CREEK,MI,BATTLE
BAY CITY,MI,BAY
BELMONT,MA,BELMONT
BERGEN CO,NJ,BERGEN
BINGHAMTON,NY,BINGHAMTON
BIRMINGHAM,AL,BIRMINGHAM
BOSTON,MA,BOSTON
BRAINTREE,MA,BRAINTREE
BROCKTON,MA,BROCKTON
BRONX,NY,BRONX
BROOKLINE,MA,BROOKLINE
BROOKLYN,NY,BROOKLYN
BUFFALO,NY,BUFFALO
CAMBRIDGE,MA,CAMBRIDGE
CAMDEN,NJ,CAMDEN
CANTON,OH,CANTON
CHARLESTON,WV,CHARLESTON
CHARLOTTE,NC,CHARLOTTE
CHATTANOOGA,TN,CHATTANOOGA
CHELSEA,MA,CHELSEA
CHICAGO,IL,CHICAGO
CHICOPOEE,MA,CHICOPOEE
CLEVELAND,OH,CLEVELAND
COLUMBUS,OH,COLUMBUS
COLUMUS,GA,COLUMUS
DALLAS,TX,DALLAS
DARIEN,CT,DARIEN
DAYTON,OH,DAYTON
DECATUR,IL,DECATUR
DEDHAM,MA,DEDHAM
DENVER,CO,DENVER
DETROIT,MI,DETROIT
DULUTH,MN,DULUTH
DURHAM,NC,DURHAM
EAST HARTFORD,CT,EAST
EAST ST. LOUIS,IL,EAST
ELMIRA,NY,ELMIRA
ERIE,PA,ERIE
ESSEX COUNTY,NJ,ESSEX
EVANSVILLE,IN,EVANSVILLE
EVERETT,MA,EVERETT
FLINT,MI,FLINT
FORT WAYNE,IN,FORT
FRESNO,CA,FRESNO
GRAND RAPIDS,MI,GRAND
GREENSBORO,NC,GREENSBORO
HAMILTON,OH,HAMILTON
HAVERHILL,MA,HAVERHILL
HOLYOKE,MA,HOLYOKE
HUDSON COUNTY,NJ,HUDSON
INDIANAPOLIS,IN,INDIANAPOLIS
JACKSONVILLE,FL,JACKSONVILLE
JOHNSON CITY,NY,JOHNSON
JOHNSTOWN,PA,JOHNSTOWN
JOLIET,IL,JOLIET
KALAMAZOO,MI,KALAMAZOO
KANSAS CITY,MO,KANSAS
KENOSHA,WI,KENOSHA
KNOXVILLE,TN,KNOXVILLE
LAKE COUNTY/GARY,IN,LAKE
LEXINGTON,KY,LEXINGTON
LEXINGTON,MA,LEXINGTON
LIMA,OH,LIMA
LORAIN,OH,LORAIN
LOS ANGELES,CA,LOS
LOUISVILLE,KY,LOUISVILLE
LYNCHBURG,VA,LYNCHBURG
MACON,GA,MACON
MADISON,WI,MADISON
MALDEN,MA,MALDEN
MANCHESTER,NH,MANCHESTER
MANHATTAN,NY,MANHATTAN
MEDFORD,MA,MEDFORD
MELROSE,MA,MELROSE
MIAMI,FL,MIAMI
MILTON,MA,MILTON
MILWAUKEE COUNTY,WI,MILWAUKEE
MINNEAPOLIS,MN,MINNEAPOLIS
MOBILE,AL,MOBILE
MONTGOMERY,AL,MONTGOMERY
MUNCIE,IN,MUNCIE
MUSKEGON,MI,MUSKEGON
NEEDHAM,MA,NEEDHAM
NEW BRITAIN,CT,NEW
NEW CANAAN,CT,NEW
NEW CASTLE,PA,NEW
NEW HAVEN,CT,NEW
NEW ORLEANS,LA,NEW
NEWPORT NEWS,VA,NEWPORT
NEWTON,MA,NEWTON
NIAGARA FALLS,NY,NIAGARA
NORFOLK,VA,NORFOLK
OAKLAND,CA,OAKLAND
OSHKOSH,WI,OSHKOSH
PHILADELPHIA,PA,PHILADELPHIA
PITTSBURGH,PA,PITTSBURGH
PONTIAC,MI,PONTIAC
PORTLAND,OR,PORTLAND
PORTSMOUTH,OH,PORTSMOUTH
POUGHKEEPSIE,NY,POUGHKEEPSIE
QUEENS,NY,QUEENS
QUINCY,MA,QUINCY
RACINE,WI,RACINE
REVERE,MA,REVERE
RICHMOND,VA,RICHMOND
ROANOKE,VA,ROANOKE
ROCHESTER,NY,ROCHESTER
ROCKFORD,IL,ROCKFORD
SACRAMENTO,CA,SACRAMENTO
SAGINAW,MI,SAGINAW
SAN DIEGO,CA,SAN
SAN FRANCISO,CA,SAN
SAN JOSE,CA,SAN
SAUGUS,MA,SAUGUS
SCHNECTADY,NY,SCHNECTADY
SEATTLE,WA,SEATTLE
SOMERVILLE,MA,SOMERVILLE
SOUTH BEND,IN,SOUTH
SPOKANE,WA,SPOKANE
SPRINGFIELD,IL,SPRINGFIELD
SPRINGFIELD,MO,SPRINGFIELD
SPRINGFIELD,OH,SPRINGFIELD
ST PETERSBURG,FL,ST
ST. JOSEPH,MO,ST.
ST. LOUIS,MO,ST.
STAMFORD,CT,STAMFORD
STATEN ISLAND,NY,STATEN
STOCKTON,CA,STOCKTON
SYRACUSE,NY,SYRACUSE
TACOMA,WA,TACOMA
TAMPA,FL,TAMPA
TERRE HAUTE,IN,TERRE
TOLEDO,OH,TOLEDO
TRENTON,NJ,TRENTON
TROY,NY,TROY
UTICA,NY,UTICA
WALTHAM,MA,WALTHAM
WARREN,OH,WARREN
WATERTOWN,MA,WATERTOWN
WESTCHESTER COUNTY,NY,WESTCHESTER
WHEELING,WV,WHEELING
WICHITA,KS,WICHITA
WINCHESTER,MA,WINCHESTER
WINSTON-SALEM,NC,WINSTON-SALEM
WINTHROP,MA,WINTHROP
YOUNGSTOWN,OH,YOUNGSTOWN
